<?xml version="1.0" encoding="UTF-8"?>
<FlexiPage xmlns="http://soap.sforce.com/2006/04/metadata">
    <flexiPageRegions>
        <name>region1</name>
        <type>Region</type>
    </flexiPageRegions>
    <flexiPageRegions>
        <componentInstances>
            <componentName>compositionBasics</componentName>
        </componentInstances>
        <name>region2</name>
        <type>Region</type>
    </flexiPageRegions>
    <flexiPageRegions>
        <componentInstances>
            <componentName>compositionIteration</componentName>
        </componentInstances>
        <name>region3</name>
        <type>Region</type>
    </flexiPageRegions>
    <flexiPageRegions>
        <componentInstances>
            <componentName>compositionContactSearch</componentName>
        </componentInstances>
        <componentInstances>
            <componentInstanceProperties>
                <name>numberValue</name>
                <value>10</value>
            </componentInstanceProperties>
            <componentInstanceProperties>
                <name>picklistValue</name>
                <value>Option One</value>
            </componentInstanceProperties>
            <componentName>compositionWithAppBuilder</componentName>
        </componentInstances>
        <name>region4</name>
        <type>Region</type>
    </flexiPageRegions>
    <masterLabel>Composition</masterLabel>
    <template>
        <name>flexipage:appHomeTemplateHeaderThreeColumns</name>
    </template>
    <type>AppPage</type>
</FlexiPage>
