<?xml version="1.0" encoding="UTF-8" ?>
<FlexiPage xmlns="http://soap.sforce.com/2006/04/metadata">
    <flexiPageRegions>
        <name>region1</name>
        <type>Region</type>
    </flexiPageRegions>
    <flexiPageRegions>
        <componentInstances>
            <componentName>miscGetUserId</componentName>
        </componentInstances>
        <componentInstances>
            <componentName>miscNotification</componentName>
        </componentInstances>
        <componentInstances>
            <componentName>miscModal</componentName>
        </componentInstances>
        <name>region2</name>
        <type>Region</type>
    </flexiPageRegions>
    <flexiPageRegions>
        <componentInstances>
            <componentName>miscSharedJavaScript</componentName>
        </componentInstances>
        <componentInstances>
            <componentName>miscRestApiCall</componentName>
        </componentInstances>
        <name>region3</name>
        <type>Region</type>
    </flexiPageRegions>
    <flexiPageRegions>
        <componentInstances>
            <componentName>miscStaticResource</componentName>
        </componentInstances>
        <componentInstances>
            <componentName>miscContentAsset</componentName>
        </componentInstances>
        <componentInstances>
            <componentName>miscDomQuery</componentName>
        </componentInstances>
        <name>region4</name>
        <type>Region</type>
    </flexiPageRegions>
    <masterLabel>Misc Techniques</masterLabel>
    <template>
        <name>flexipage:appHomeTemplateHeaderThreeColumns</name>
    </template>
    <type>AppPage</type>
</FlexiPage>